#Step 2: Insert Test Data

INSERT INTO Employees (EmployeeID, Name, GroupID) VALUES
('E001', 'Robert Brown', NULL),
('E002', 'Robert Smith', NULL),
('E003', 'Laura Johnson', NULL),
('E004', 'Joseph Anderson', NULL),
('E005', 'Jessica Thomas', NULL),
('E006', 'Sophia Thomas', NULL),
('E007', 'Robert White', NULL),
('E008', 'Jessica White', NULL),
('E009', 'Robert Johnson', NULL),
('E010', 'Olivia Johnson', NULL),
('E011', 'Michael Thomas', NULL),
('E012', 'Emily Jackson', NULL),
('E013', 'Laura Johnson', NULL),
('E014', 'Emma Anderson', NULL),
('E015', 'Olivia Taylor', NULL),
('E016', 'Emma Smith', NULL);

INSERT INTO SalesGroups (GroupID, Name, Location, ManagerEmployeeID) VALUES
('G01', 'G01_NY', 'New York', 'E001'),
('G02', 'G02_SF', 'San Francisco', 'E005'),
('G03', 'G03_CHI', 'Chicago', 'E009'),
('G04', 'G04_ATX', 'Austin', 'E013');

UPDATE Employees SET GroupID = 'G01' WHERE EmployeeID = 'E001';
UPDATE Employees SET GroupID = 'G01' WHERE EmployeeID = 'E002';
UPDATE Employees SET GroupID = 'G01' WHERE EmployeeID = 'E003';
UPDATE Employees SET GroupID = 'G01' WHERE EmployeeID = 'E004';
UPDATE Employees SET GroupID = 'G02' WHERE EmployeeID = 'E005';
UPDATE Employees SET GroupID = 'G02' WHERE EmployeeID = 'E006';
UPDATE Employees SET GroupID = 'G02' WHERE EmployeeID = 'E007';
UPDATE Employees SET GroupID = 'G02' WHERE EmployeeID = 'E008';
UPDATE Employees SET GroupID = 'G03' WHERE EmployeeID = 'E009';
UPDATE Employees SET GroupID = 'G03' WHERE EmployeeID = 'E010';
UPDATE Employees SET GroupID = 'G03' WHERE EmployeeID = 'E011';
UPDATE Employees SET GroupID = 'G03' WHERE EmployeeID = 'E012';
UPDATE Employees SET GroupID = 'G04' WHERE EmployeeID = 'E013';
UPDATE Employees SET GroupID = 'G04' WHERE EmployeeID = 'E014';
UPDATE Employees SET GroupID = 'G04' WHERE EmployeeID = 'E015';
UPDATE Employees SET GroupID = 'G04' WHERE EmployeeID = 'E016';


-- Inserts for Employees
INSERT INTO Employees (EmployeeID, Name, GroupID) VALUES
    ('E017', 'Robert Jacobs', NULL),
    ('E018', 'Connor Morgan', NULL),
    ('E019', 'Kilian Hopper', NULL),
    ('E020', 'Dianna Slater', NULL),
    ('E021', 'John James', NULL),
    ('E022', 'Merry Folkner', NULL),
    ('E023', 'Lewis Webb', NULL),
    ('E024', 'Mary Jane Thomas', NULL),
    ('E025', 'Elizabeth Strausser', NULL),
    ('E026', 'Brian Lee', NULL),
    ('E027', 'Michael Lindon', NULL),
    ('E028', 'James Hower', NULL);



-- Inserts for SalesGroups
INSERT INTO SalesGroups (GroupID, Name, Location, ManagerEmployeeID) VALUES
    ('G05', 'G05_CHI', 'Chicago', 'E017'),
    ('G06', 'G06_LA', 'Los Angeles', 'E022'),
    ('G07', 'G07_DEN', 'Denver', 'E027');
    
    
UPDATE Employees SET GroupID = 'G05' WHERE EmployeeID = 'E017';
UPDATE Employees SET GroupID = 'G05' WHERE EmployeeID = 'E018';
UPDATE Employees SET GroupID = 'G05' WHERE EmployeeID = 'E019';
UPDATE Employees SET GroupID = 'G05' WHERE EmployeeID = 'E020';
UPDATE Employees SET GroupID = 'G06' WHERE EmployeeID = 'E021';
UPDATE Employees SET GroupID = 'G06' WHERE EmployeeID = 'E022';
UPDATE Employees SET GroupID = 'G06' WHERE EmployeeID = 'E023';
UPDATE Employees SET GroupID = 'G06' WHERE EmployeeID = 'E024';
UPDATE Employees SET GroupID = 'G07' WHERE EmployeeID = 'E025';
UPDATE Employees SET GroupID = 'G07' WHERE EmployeeID = 'E026';
UPDATE Employees SET GroupID = 'G07' WHERE EmployeeID = 'E027';
UPDATE Employees SET GroupID = 'G07' WHERE EmployeeID = 'E028';



INSERT INTO Clients (ClientID, Name, AssignedEmployeeID, AcquiredByEmployeeID, IsDecisionMakerContacted, AcquisitionTime) VALUES
('CL001', 'Cuevas, Nichols and Davidson', 'E001', 'E001', TRUE, '2022-05-19'),
('CL002', 'Diaz Inc', 'E002', 'E002', TRUE, '2022-01-28'),
('CL003', 'Scott PLC', 'E003', 'E003', TRUE, '2022-06-27'),
('CL004', 'Johnson, Johnson and Hurst', 'E004', 'E004', TRUE, '2021-08-08'),
('CL005', 'Larson-Ortega', 'E005', 'E005', TRUE, '2022-11-04'),
('CL006', 'Warner-Lang', 'E006', 'E006', TRUE, '2021-07-26'),
('CL007', 'Wolfe PLC', 'E007', 'E007', TRUE, '2021-11-25'),
('CL008', 'Johnson-Pruitt', 'E008', 'E008', TRUE, '2021-12-21'),
('CL009', 'Arnold-Murray', 'E009', 'E009', TRUE, '2022-03-25'),
('CL010', 'Taylor, Olson and Harrington', 'E010', 'E010', TRUE, '2022-01-19'),
('CL011', 'Myers-Butler', 'E011', 'E011', TRUE, '2023-05-10'),
('CL012', 'Sanchez-Williams', 'E013', 'E013', TRUE, '2023-07-22'),
('CL013', 'Knight and Sons', 'E014', 'E014', TRUE, '2023-08-01'),
('CL014', 'Quantum Incorporated', 'E011', 'E011', TRUE, '2023-03-26'),
('CL015', 'Cobalt Networks', 'E009', 'E009', TRUE, '2023-10-27'),
('CL016', 'Hyperion Incorporated', 'E004', 'E004', TRUE, '2022-04-25'),
('CL017', 'Nimbus Partners', 'E016', 'E016', TRUE, '2023-04-15'),
('CL018', 'Vertex Incorporated', 'E027', 'E027', TRUE, '2022-03-07'),
('CL019', 'Astro Consulting', 'E004', 'E004', TRUE, '2023-10-09'),
('CL020', 'Echo Incorporated', 'E012', 'E012', TRUE, '2024-04-01'),
('CL021', 'Bluewave Ventures', 'E006', 'E006', TRUE, '2023-07-03'),
('CL022', 'Lyra Solutions', 'E013', 'E013', TRUE, '2022-05-16'),
('CL023', 'Cobalt Capital', 'E005', 'E005', TRUE, '2023-03-09'),
('CL024', 'Skyline Enterprises', 'E008', 'E008', TRUE, '2023-10-07'),
('CL025', 'Ironclad Resources', 'E018', 'E018', TRUE, '2023-03-12'),
('CL026', 'Solaris Capital', 'E023', 'E023', TRUE, '2024-10-19'),
('CL027', 'Cobalt Technologies', 'E025', 'E025', TRUE, '2024-03-21'),
('CL028', 'Crimson Logistics', 'E019', 'E019', TRUE, '2024-07-28'),
('CL029', 'Fusion Analytics', 'E023', 'E023', TRUE, '2022-10-20'),
('CL030', 'Omni Logistics', 'E019', 'E019', TRUE, '2023-06-27'),
('CL031', 'Echo Media', 'E024', 'E024', TRUE, '2022-10-13'),
('CL032', 'Ironclad Consulting', 'E006', 'E006', TRUE, '2023-05-21'),
('CL033', 'Aurora Analytics', 'E027', 'E027', TRUE, '2023-06-23'),
('CL034', 'Zenith Consulting', 'E027', 'E027', TRUE, '2024-05-27'),
('CL035', 'Cobalt Designs', 'E022', 'E022', TRUE, '2024-03-28'),
('CL036', 'Hyperion Holdings', 'E024', 'E024', TRUE, '2024-01-12'),
('CL037', 'Ironclad Analytics', 'E015', 'E015', TRUE, '2023-03-26'),
('CL038', 'Crimson Media', 'E007', 'E007', TRUE, '2022-10-11'),
('CL039', 'Zenith Networks', 'E006', 'E006', TRUE, '2024-11-09'),
('CL040', 'Astro Holdings', 'E021', 'E021', TRUE, '2024-10-07'),
('CL041', 'Aurora Incorporated', 'E009', 'E009', TRUE, '2022-07-06'),
('CL042', 'Bluewave Holdings', 'E021', 'E021', TRUE, '2022-04-07'),
('CL043', 'Vortex Incorporated', 'E027', 'E027', TRUE, '2022-08-13');

INSERT INTO Surveys (SurveyID, Score) VALUES
('S001', 63),
('S002', 92),
('S003', 87),
('S004', 85),
('S005', 94),
('S006', 100),
('S007', 74),
('S008', 99),
('S009', 70),
('S010', 95),
('S011', 63),
('S015', 89),
('S017', 71),
('S019', 84),
('S020', 81),
('S021', 78),
('S027', 87),
('S031', 82),
('S033', 85),
('S034', 62),
('S035', 84);

INSERT INTO Contracts (ContractID, ClientID, Value, Status, HandledByEmployeeID, SignedTime, PaymentDueTime, SurveyID) VALUES
('C001', 'CL001', 151000.00, 'fulfilled', 'E001', '2022-07-05', '2023-02-01', 'S003'),
('C002', 'CL001', 128000.00, 'fulfilled', 'E001', '2022-06-16', '2023-03-04', 'S001'),
('C003', 'CL004', 49000.00, 'fulfilled', 'E004', '2021-10-21', '2022-03-15', 'S005'),
('C004', 'CL005', 138000.00, 'signed', 'E005', '2022-11-24', '2023-05-03', 'S002'),
('C005', 'CL002', 114000.00, 'signed', 'E002', '2022-04-23', '2023-06-14', 'S004'),
('C006', 'CL003', 40000.00, 'fulfilled', 'E003', '2022-09-12', '2022-11-29', 'S007'),
('C007', 'CL009', 220000.00, 'fulfilled', 'E009', '2022-03-25', '2023-05-13', 'S010'),
('C008', 'CL006', 41000.00, 'fulfilled', 'E006', '2021-10-06', '2022-03-01', 'S008'),
('C009', 'CL008', 249600.00, 'signed', 'E008', '2021-12-27', '2023-08-06', 'S006'),
('C010', 'CL010', 245000.00, 'fulfilled', 'E010', '2022-03-15', '2023-07-14', 'S009'),
('C011', 'CL007', 160000.00, 'draft', 'E007', NULL, NULL, NULL),
('C012', 'CL014', 214986, 'signed', 'E006', '2022-01-10', '2022-03-25', 'S011'),
('C013', 'CL015', 226471, 'draft', 'E024', NULL, NULL, NULL),
('C014', 'CL016', 72598, 'draft', 'E002', NULL, NULL, NULL),
('C015', 'CL017', 36497, 'draft', 'E012', NULL, NULL, NULL),
('C016', 'CL018', 117080, 'signed', 'E014', '2023-11-17', '2024-05-05', 'S015'),
('C017', 'CL019', 203023, 'draft', 'E001', NULL, NULL, NULL),
('C018', 'CL020', 116051, 'signed', 'E016', '2022-03-13', '2022-08-18', 'S017'),
('C019', 'CL021', 99590, 'draft', 'E020', NULL, NULL, NULL),
('C020', 'CL022', 186387, 'signed', 'E028', '2022-11-18', '2023-03-13', 'S019'),
('C021', 'CL023', 75620, 'signed', 'E007', '2022-11-05', '2023-02-24', 'S020'),
('C022', 'CL024', 235981, 'signed', 'E008', '2023-11-02', '2024-02-11', 'S021'),
('C023', 'CL025', 226906, 'draft', 'E010', NULL, NULL, NULL),
('C024', 'CL026', 111374, 'draft', 'E014', NULL, NULL, NULL),
('C025', 'CL027', 82200, 'draft', 'E017', NULL, NULL, NULL),
('C026', 'CL028', 42114, 'draft', 'E004', NULL, NULL, NULL),
('C027', 'CL029', 190241, 'draft', 'E003', NULL, NULL, NULL),
('C028', 'CL030', 138643, 'signed', 'E007', '2022-07-19', '2022-12-17', 'S027'),
('C029', 'CL031', 210256, 'draft', 'E013', NULL, NULL, NULL),
('C030', 'CL032', 231862, 'draft', 'E013', NULL, NULL, NULL),
('C031', 'CL033', 141449, 'draft', 'E022', NULL, NULL, NULL),
('C032', 'CL034', 240792, 'signed', 'E005', '2023-04-21', '2023-06-26', 'S031'),
('C033', 'CL035', 227073, 'draft', 'E015', NULL, NULL, NULL),
('C034', 'CL036', 197159, 'signed', 'E013', '2023-06-18', '2023-10-18', 'S033'),
('C035', 'CL037', 130410, 'signed', 'E021', '2023-12-25', '2024-03-21', 'S034'),
('C036', 'CL038', 249081, 'signed', 'E006', '2023-07-14', '2023-12-23', 'S035');

INSERT INTO Payments (PaymentID, ContractID, Time, Amount) VALUES
('P001', 'C008', '2022-01-01', 41000.0),
('P002', 'C003', '2022-01-31', 49000.0),
('P003', 'C009', '2022-03-02', 22000.0),
('P004', 'C007', '2022-04-01', 99000.0),
('P005', 'C005', '2022-05-01', 75000.0),
('P006', 'C010', '2022-05-31', 76000.0),
('P007', 'C009', '2022-06-30', 88000.0),
('P008', 'C007', '2022-07-30', 55000.0),
('P009', 'C010', '2022-08-29', 72000.0),
('P010', 'C002', '2022-09-28', 89000.0),
('P011', 'C001', '2022-10-28', 53000.0),
('P012', 'C006', '2022-11-27', 40000.0),
('P013', 'C001', '2022-12-27', 98000.0),
('P014', 'C004', '2023-01-26', 33000.0),
('P015', 'C002', '2023-02-25', 39000.0),
('P016', 'C007', '2023-03-27', 66000.0),
('P017', 'C004', '2023-04-26', 82000.0),
('P018', 'C005', '2023-05-26', 20000.0),
('P019', 'C010', '2023-06-25', 97000.0),
('P020', 'C009', '2023-07-25', 98000.0),
('P021', 'C012', '2022-04-26', 71817.45),
('P022', 'C012', '2022-04-25', 68421.65),
('P023', 'C012', '2022-08-14', 12708.29),
('P024', 'C012', '2022-03-01', 51429.1),
('P025', 'C012', '2022-06-16', 10128.04),
('P026', 'C012', '2022-09-05', 6633.5),
('P027', 'C016', '2024-03-07', 27371.71),
('P028', 'C016', '2024-01-05', 17566.69),
('P029', 'C016', '2024-08-08', 23822.39),
('P030', 'C016', '2024-04-11', 41442.31),
('P031', 'C018', '2022-11-02', 54903.72),
('P032', 'C018', '2022-09-28', 53150.97),
('P033', 'C018', '2022-08-23', 9768.89),
('P034', 'C020', '2023-07-03', 45799.61),
('P035', 'C020', '2023-01-09', 23305.51),
('P036', 'C020', '2023-03-28', 10118.39),
('P037', 'C020', '2023-06-05', 14898.17),
('P038', 'C020', '2023-02-19', 56437.12),
('P039', 'C020', '2023-05-25', 17756.78),
('P040', 'C020', '2023-05-18', 12632.76),
('P041', 'C020', '2023-06-30', 9124.95),
('P042', 'C021', '2023-04-30', 10026.64),
('P043', 'C022', '2024-03-20', 40951.19),
('P044', 'C022', '2024-02-26', 65561.48),
('P045', 'C022', '2024-05-21', 29865.05),
('P046', 'C028', '2022-12-20', 44606.4),
('P047', 'C032', '2023-07-22', 74222.9),
('P048', 'C032', '2023-10-30', 66099.16),
('P049', 'C032', '2024-02-03', 72399.81),
('P050', 'C032', '2024-01-04', 26386.98),
('P051', 'C032', '2024-01-19', 3815.13),
('P052', 'C034', '2023-08-26', 29221.82),
('P053', 'C034', '2024-01-05', 26414.55),
('P054', 'C034', '2023-09-26', 47810.66),
('P055', 'C035', '2024-09-18', 38531.96),
('P056', 'C035', '2024-08-26', 24478.41),
('P057', 'C035', '2024-02-03', 54185.99),
('P058', 'C035', '2024-08-05', 12460.35),
('P059', 'C035', '2024-06-24', 1282.74),
('P060', 'C036', '2023-12-03', 25437.71);


INSERT INTO Meetings (MeetingID, ClientID, DecisionMakerLevel, Time) VALUES
('M001', 'CL006', 2, '2021-08-08'),
('M002', 'CL004', 3, '2021-10-01'),
('M003', 'CL004', 1, '2021-10-10'),
('M004', 'CL004', 2, '2021-12-16'),
('M005', 'CL006', 1, '2022-02-09'),
('M006', 'CL008', 2, '2022-02-13'),
('M007', 'CL006', 3, '2022-02-24'),
('M008', 'CL008', 1, '2022-04-15'),
('M009', 'CL002', 1, '2022-04-24'),
('M010', 'CL009', 3, '2022-06-07'),
('M011', 'CL002', 3, '2022-07-06'),
('M012', 'CL010', 1, '2022-07-15'),
('M013', 'CL007', 1, '2022-08-03'),
('M014', 'CL003', 2, '2022-08-23'),
('M015', 'CL009', 3, '2022-09-01'),
('M016', 'CL001', 3, '2022-09-07'),
('M017', 'CL003', 3, '2022-09-25'),
('M018', 'CL010', 2, '2022-10-10'),
('M019', 'CL003', 3, '2022-10-18'),
('M020', 'CL009', 3, '2022-10-21'),
('M021', 'CL003', 2, '2022-10-24'),
('M022', 'CL001', 2, '2022-11-19'),
('M023', 'CL005', 1, '2022-11-22'),
('M024', 'CL001', 3, '2022-12-09'),
('M025', 'CL001', 3, '2022-12-22'),
('M026', 'CL002', 3, '2022-12-22'),
('M027', 'CL001', 2, '2023-01-02'),
('M028', 'CL005', 3, '2023-01-04'),
('M029', 'CL010', 3, '2023-01-29'),
('M030', 'CL010', 2, '2023-02-07'),
('M031', 'CL005', 1, '2023-02-16'),
('M032', 'CL007', 1, '2023-04-25'),
('M033', 'CL014', 2, '2023-09-22'),
('M034', 'CL015', 1, '2023-05-09'),
('M035', 'CL015', 3, '2022-06-11'),
('M036', 'CL016', 3, '2024-09-22'),
('M037', 'CL017', 3, '2022-09-15'),
('M038', 'CL018', 3, '2024-08-31'),
('M039', 'CL018', 3, '2022-12-05'),
('M040', 'CL019', 3, '2024-05-16'),
('M041', 'CL019', 1, '2023-02-16'),
('M042', 'CL019', 3, '2023-10-01'),
('M043', 'CL020', 3, '2024-02-04'),
('M044', 'CL020', 2, '2024-11-25'),
('M045', 'CL020', 2, '2022-09-05'),
('M046', 'CL020', 1, '2023-04-06'),
('M047', 'CL021', 2, '2022-02-13'),
('M048', 'CL022', 3, '2023-03-28'),
('M049', 'CL022', 1, '2022-05-26'),
('M050', 'CL023', 1, '2022-05-19'),
('M051', 'CL024', 2, '2022-05-26'),
('M052', 'CL025', 2, '2024-09-21'),
('M053', 'CL025', 1, '2022-09-28'),
('M054', 'CL026', 1, '2024-08-26'),
('M055', 'CL026', 2, '2023-01-25'),
('M056', 'CL026', 1, '2022-07-18'),
('M057', 'CL026', 3, '2024-06-01'),
('M058', 'CL027', 2, '2024-04-21'),
('M059', 'CL027', 2, '2022-04-21'),
('M060', 'CL027', 3, '2022-07-21'),
('M061', 'CL028', 2, '2023-11-26'),
('M062', 'CL029', 1, '2023-01-28'),
('M063', 'CL030', 3, '2024-07-07'),
('M064', 'CL030', 1, '2024-05-14'),
('M065', 'CL031', 2, '2024-08-05'),
('M066', 'CL031', 1, '2022-06-04'),
('M067', 'CL032', 3, '2022-07-20'),
('M068', 'CL032', 1, '2022-01-31'),
('M069', 'CL032', 1, '2023-04-30'),
('M070', 'CL032', 1, '2024-04-12'),
('M071', 'CL033', 2, '2023-03-14'),
('M072', 'CL033', 2, '2022-05-01'),
('M073', 'CL033', 1, '2024-02-16'),
('M074', 'CL033', 1, '2024-03-10'),
('M075', 'CL034', 2, '2023-08-08'),
('M076', 'CL034', 2, '2024-09-23'),
('M077', 'CL034', 1, '2023-01-24'),
('M078', 'CL035', 1, '2022-04-30'),
('M079', 'CL035', 3, '2022-05-05'),
('M080', 'CL035', 3, '2023-10-05'),
('M081', 'CL036', 1, '2024-09-03'),
('M082', 'CL037', 1, '2024-11-06'),
('M083', 'CL037', 1, '2023-01-16'),
('M084', 'CL038', 3, '2022-05-20'),
('M085', 'CL039', 2, '2022-09-03'),
('M086', 'CL039', 3, '2023-05-20'),
('M087', 'CL040', 3, '2022-06-17'),
('M088', 'CL041', 3, '2024-12-06'),
('M089', 'CL041', 2, '2023-06-19'),
('M090', 'CL041', 1, '2023-10-06'),
('M091', 'CL041', 1, '2023-06-28'),
('M092', 'CL042', 1, '2023-09-07'),
('M093', 'CL042', 2, '2023-10-10'),
('M094', 'CL042', 1, '2022-01-20'),
('M095', 'CL042', 2, '2022-07-24'),
('M096', 'CL043', 3, '2023-03-13');

INSERT INTO MeetingParticipants (MeetingID, EmployeeID) VALUES
('M001', 'E006'),
('M002', 'E004'),
('M003', 'E004'),
('M004', 'E004'),
('M005', 'E006'),
('M006', 'E008'),
('M007', 'E006'),
('M008', 'E008'),
('M009', 'E002'),
('M010', 'E009'),
('M011', 'E002'),
('M012', 'E010'),
('M013', 'E007'),
('M014', 'E003'),
('M015', 'E009'),
('M016', 'E001'),
('M017', 'E003'),
('M018', 'E010'),
('M019', 'E003'),
('M020', 'E009'),
('M021', 'E003'),
('M022', 'E001'),
('M023', 'E005'),
('M024', 'E001'),
('M025', 'E001'),
('M026', 'E002'),
('M027', 'E001'),
('M028', 'E005'),
('M029', 'E010'),
('M030', 'E010'),
('M031', 'E005'),
('M032', 'E007'),
('M033', 'E011'),
('M034', 'E009'),
('M035', 'E009'),
('M036', 'E004'),
('M037', 'E016'),
('M038', 'E027'),
('M039', 'E027'),
('M040', 'E004'),
('M041', 'E004'),
('M042', 'E004'),
('M043', 'E012'),
('M044', 'E012'),
('M045', 'E012'),
('M046', 'E012'),
('M047', 'E006'),
('M048', 'E013'),
('M049', 'E013'),
('M050', 'E005'),
('M051', 'E008'),
('M052', 'E018'),
('M053', 'E018'),
('M054', 'E023'),
('M055', 'E023'),
('M056', 'E023'),
('M057', 'E023'),
('M058', 'E025'),
('M059', 'E025'),
('M060', 'E025'),
('M061', 'E019'),
('M062', 'E023'),
('M063', 'E019'),
('M064', 'E019'),
('M065', 'E024'),
('M066', 'E024'),
('M067', 'E006'),
('M068', 'E006'),
('M069', 'E006'),
('M070', 'E006'),
('M071', 'E027'),
('M072', 'E027'),
('M073', 'E027'),
('M074', 'E027'),
('M075', 'E027'),
('M076', 'E027'),
('M077', 'E027'),
('M078', 'E022'),
('M079', 'E022'),
('M080', 'E022'),
('M081', 'E024'),
('M082', 'E015'),
('M083', 'E015'),
('M084', 'E007'),
('M085', 'E006'),
('M086', 'E006'),
('M087', 'E021'),
('M088', 'E009'),
('M089', 'E009'),
('M090', 'E009'),
('M091', 'E009'),
('M092', 'E021'),
('M093', 'E021'),
('M094', 'E021'),
('M095', 'E021'),
('M096', 'E027');
